1,images/actors_aligned/angelina_jolie/image-363.png
1,images/actors_aligned/angelina_jolie/image-364.png
1,images/actors_aligned/angelina_jolie/image-366.png
1,images/actors_aligned/angelina_jolie/image-367.png
1,images/actors_aligned/angelina_jolie/image-368.png
1,images/actors_aligned/angelina_jolie/image-37.png
1,images/actors_aligned/angelina_jolie/image-370.png
1,images/actors_aligned/angelina_jolie/image-372.png
1,images/actors_aligned/angelina_jolie/image-373.png
1,images/actors_aligned/angelina_jolie/image-375.png
1,images/actors_aligned/angelina_jolie/image-376.png
1,images/actors_aligned/angelina_jolie/image-377.png
1,images/actors_aligned/angelina_jolie/image-378.png
1,images/actors_aligned/angelina_jolie/image-379.png
1,images/actors_aligned/angelina_jolie/image-380.png
1,images/actors_aligned/angelina_jolie/image-381.png
1,images/actors_aligned/angelina_jolie/image-382.png
1,images/actors_aligned/angelina_jolie/image-383.png
1,images/actors_aligned/angelina_jolie/image-384.png
1,images/actors_aligned/angelina_jolie/image-385.png
1,images/actors_aligned/angelina_jolie/image-387.png
1,images/actors_aligned/angelina_jolie/image-388.png
1,images/actors_aligned/angelina_jolie/image-389.png
1,images/actors_aligned/angelina_jolie/image-39.png
1,images/actors_aligned/angelina_jolie/image-390.png
1,images/actors_aligned/angelina_jolie/image-391.png
1,images/actors_aligned/angelina_jolie/image-392.png
1,images/actors_aligned/angelina_jolie/image-393.png
1,images/actors_aligned/angelina_jolie/image-394.png
1,images/actors_aligned/angelina_jolie/image-395.png
1,images/actors_aligned/angelina_jolie/image-396.png
1,images/actors_aligned/angelina_jolie/image-397.png
1,images/actors_aligned/angelina_jolie/image-399.png
1,images/actors_aligned/angelina_jolie/image-4.png
1,images/actors_aligned/angelina_jolie/image-40.png
1,images/actors_aligned/angelina_jolie/image-400.png
1,images/actors_aligned/angelina_jolie/image-42.png
1,images/actors_aligned/angelina_jolie/image-43.png
1,images/actors_aligned/angelina_jolie/image-44.png
1,images/actors_aligned/angelina_jolie/image-45.png
1,images/actors_aligned/angelina_jolie/image-46.png
1,images/actors_aligned/angelina_jolie/image-47.png
1,images/actors_aligned/angelina_jolie/image-48.png
1,images/actors_aligned/angelina_jolie/image-49.png
1,images/actors_aligned/angelina_jolie/image-5.png
1,images/actors_aligned/angelina_jolie/image-50.png
1,images/actors_aligned/angelina_jolie/image-51.png
1,images/actors_aligned/angelina_jolie/image-52.png
1,images/actors_aligned/angelina_jolie/image-53.png
1,images/actors_aligned/angelina_jolie/image-54.png
1,images/actors_aligned/angelina_jolie/image-55.png
1,images/actors_aligned/angelina_jolie/image-57.png
1,images/actors_aligned/angelina_jolie/image-59.png
1,images/actors_aligned/angelina_jolie/image-6.png
1,images/actors_aligned/angelina_jolie/image-60.png
1,images/actors_aligned/angelina_jolie/image-61.png
1,images/actors_aligned/angelina_jolie/image-62.png
1,images/actors_aligned/angelina_jolie/image-63.png
1,images/actors_aligned/angelina_jolie/image-64.png
1,images/actors_aligned/angelina_jolie/image-65.png
1,images/actors_aligned/angelina_jolie/image-67.png
1,images/actors_aligned/angelina_jolie/image-68.png
1,images/actors_aligned/angelina_jolie/image-69.png
1,images/actors_aligned/angelina_jolie/image-7.png
1,images/actors_aligned/angelina_jolie/image-70.png
1,images/actors_aligned/angelina_jolie/image-71.png
1,images/actors_aligned/angelina_jolie/image-72.png
1,images/actors_aligned/angelina_jolie/image-73.png
1,images/actors_aligned/angelina_jolie/image-74.png
1,images/actors_aligned/angelina_jolie/image-75.png
1,images/actors_aligned/angelina_jolie/image-76.png
1,images/actors_aligned/angelina_jolie/image-77.png
1,images/actors_aligned/angelina_jolie/image-78.png
1,images/actors_aligned/angelina_jolie/image-79.png
1,images/actors_aligned/angelina_jolie/image-8.png
1,images/actors_aligned/angelina_jolie/image-80.png
1,images/actors_aligned/angelina_jolie/image-81.png
1,images/actors_aligned/angelina_jolie/image-86.png
1,images/actors_aligned/angelina_jolie/image-87.png
1,images/actors_aligned/angelina_jolie/image-88.png
1,images/actors_aligned/angelina_jolie/image-89.png
1,images/actors_aligned/angelina_jolie/image-9.png
1,images/actors_aligned/angelina_jolie/image-90.png
1,images/actors_aligned/angelina_jolie/image-91.png
1,images/actors_aligned/angelina_jolie/image-92.png
1,images/actors_aligned/angelina_jolie/image-93.png
1,images/actors_aligned/angelina_jolie/image-94.png
1,images/actors_aligned/angelina_jolie/image-95.png
1,images/actors_aligned/angelina_jolie/image-96.png
1,images/actors_aligned/angelina_jolie/image-98.png
1,images/actors_aligned/angelina_jolie/image-99.png
1,images/actors_aligned/angelina_jolie/image-227.png
1,images/actors_aligned/angelina_jolie/image-228.png
1,images/actors_aligned/angelina_jolie/image-229.png
1,images/actors_aligned/angelina_jolie/image-23.png
1,images/actors_aligned/angelina_jolie/image-230.png
1,images/actors_aligned/angelina_jolie/image-231.png
1,images/actors_aligned/angelina_jolie/image-232.png
1,images/actors_aligned/angelina_jolie/image-233.png
1,images/actors_aligned/angelina_jolie/image-234.png
1,images/actors_aligned/angelina_jolie/image-235.png
1,images/actors_aligned/angelina_jolie/image-236.png
1,images/actors_aligned/angelina_jolie/image-237.png
1,images/actors_aligned/angelina_jolie/image-238.png
1,images/actors_aligned/angelina_jolie/image-239.png
1,images/actors_aligned/angelina_jolie/image-24.png
1,images/actors_aligned/angelina_jolie/image-240.png
1,images/actors_aligned/angelina_jolie/image-241.png
1,images/actors_aligned/angelina_jolie/image-243.png
1,images/actors_aligned/angelina_jolie/image-245.png
1,images/actors_aligned/angelina_jolie/image-246.png
1,images/actors_aligned/angelina_jolie/image-247.png
1,images/actors_aligned/angelina_jolie/image-248.png
1,images/actors_aligned/angelina_jolie/image-249.png
1,images/actors_aligned/angelina_jolie/image-25.png
1,images/actors_aligned/angelina_jolie/image-250.png
1,images/actors_aligned/angelina_jolie/image-251.png
1,images/actors_aligned/angelina_jolie/image-253.png
1,images/actors_aligned/angelina_jolie/image-254.png
1,images/actors_aligned/angelina_jolie/image-255.png
1,images/actors_aligned/angelina_jolie/image-256.png
1,images/actors_aligned/angelina_jolie/image-257.png
1,images/actors_aligned/angelina_jolie/image-258.png
1,images/actors_aligned/angelina_jolie/image-259.png
1,images/actors_aligned/angelina_jolie/image-26.png
1,images/actors_aligned/angelina_jolie/image-260.png
1,images/actors_aligned/angelina_jolie/image-261.png
1,images/actors_aligned/angelina_jolie/image-262.png
1,images/actors_aligned/angelina_jolie/image-264.png
1,images/actors_aligned/angelina_jolie/image-265.png
1,images/actors_aligned/angelina_jolie/image-269.png
1,images/actors_aligned/angelina_jolie/image-27.png
1,images/actors_aligned/angelina_jolie/image-270.png
1,images/actors_aligned/angelina_jolie/image-271.png
1,images/actors_aligned/angelina_jolie/image-273.png
1,images/actors_aligned/angelina_jolie/image-274.png
1,images/actors_aligned/angelina_jolie/image-275.png
1,images/actors_aligned/angelina_jolie/image-276.png
1,images/actors_aligned/angelina_jolie/image-277.png
1,images/actors_aligned/angelina_jolie/image-278.png
1,images/actors_aligned/angelina_jolie/image-279.png
1,images/actors_aligned/angelina_jolie/image-280.png
1,images/actors_aligned/angelina_jolie/image-281.png
1,images/actors_aligned/angelina_jolie/image-283.png
1,images/actors_aligned/angelina_jolie/image-284.png
1,images/actors_aligned/angelina_jolie/image-286.png
1,images/actors_aligned/angelina_jolie/image-288.png
1,images/actors_aligned/angelina_jolie/image-289.png
1,images/actors_aligned/angelina_jolie/image-29.png
1,images/actors_aligned/angelina_jolie/image-291.png
1,images/actors_aligned/angelina_jolie/image-293.png
1,images/actors_aligned/angelina_jolie/image-294.png
1,images/actors_aligned/angelina_jolie/image-296.png
1,images/actors_aligned/angelina_jolie/image-298.png
1,images/actors_aligned/angelina_jolie/image-299.png
1,images/actors_aligned/angelina_jolie/image-3.png
1,images/actors_aligned/angelina_jolie/image-30.png
1,images/actors_aligned/angelina_jolie/image-302.png
1,images/actors_aligned/angelina_jolie/image-303.png
1,images/actors_aligned/angelina_jolie/image-304.png
1,images/actors_aligned/angelina_jolie/image-306.png
1,images/actors_aligned/angelina_jolie/image-307.png
1,images/actors_aligned/angelina_jolie/image-308.png
1,images/actors_aligned/angelina_jolie/image-309.png
1,images/actors_aligned/angelina_jolie/image-31.png
1,images/actors_aligned/angelina_jolie/image-310.png
1,images/actors_aligned/angelina_jolie/image-311.png
1,images/actors_aligned/angelina_jolie/image-312.png
1,images/actors_aligned/angelina_jolie/image-315.png
1,images/actors_aligned/angelina_jolie/image-316.png
1,images/actors_aligned/angelina_jolie/image-319.png
1,images/actors_aligned/angelina_jolie/image-323.png
1,images/actors_aligned/angelina_jolie/image-325.png
1,images/actors_aligned/angelina_jolie/image-327.png
1,images/actors_aligned/angelina_jolie/image-328.png
1,images/actors_aligned/angelina_jolie/image-329.png
1,images/actors_aligned/angelina_jolie/image-33.png
1,images/actors_aligned/angelina_jolie/image-330.png
1,images/actors_aligned/angelina_jolie/image-331.png
1,images/actors_aligned/angelina_jolie/image-332.png
1,images/actors_aligned/angelina_jolie/image-333.png
1,images/actors_aligned/angelina_jolie/image-334.png
1,images/actors_aligned/angelina_jolie/image-335.png
1,images/actors_aligned/angelina_jolie/image-336.png
1,images/actors_aligned/angelina_jolie/image-337.png
1,images/actors_aligned/angelina_jolie/image-338.png
1,images/actors_aligned/angelina_jolie/image-339.png
1,images/actors_aligned/angelina_jolie/image-34.png
1,images/actors_aligned/angelina_jolie/image-340.png
1,images/actors_aligned/angelina_jolie/image-341.png
1,images/actors_aligned/angelina_jolie/image-343.png
1,images/actors_aligned/angelina_jolie/image-344.png
1,images/actors_aligned/angelina_jolie/image-346.png
1,images/actors_aligned/angelina_jolie/image-347.png
1,images/actors_aligned/angelina_jolie/image-348.png
1,images/actors_aligned/angelina_jolie/image-35.png
1,images/actors_aligned/angelina_jolie/image-350.png
1,images/actors_aligned/angelina_jolie/image-352.png
1,images/actors_aligned/angelina_jolie/image-353.png
1,images/actors_aligned/angelina_jolie/image-354.png
1,images/actors_aligned/angelina_jolie/image-355.png
1,images/actors_aligned/angelina_jolie/image-356.png
1,images/actors_aligned/angelina_jolie/image-357.png
1,images/actors_aligned/angelina_jolie/image-359.png
1,images/actors_aligned/angelina_jolie/image-36.png
1,images/actors_aligned/angelina_jolie/image-360.png
1,images/actors_aligned/angelina_jolie/image-361.png
1,images/actors_aligned/angelina_jolie/image-362.png
1,images/actors_aligned/angelina_jolie/image-1.png
1,images/actors_aligned/angelina_jolie/image-10.png
1,images/actors_aligned/angelina_jolie/image-101.png
1,images/actors_aligned/angelina_jolie/image-102.png
1,images/actors_aligned/angelina_jolie/image-103.png
1,images/actors_aligned/angelina_jolie/image-104.png
1,images/actors_aligned/angelina_jolie/image-105.png
1,images/actors_aligned/angelina_jolie/image-106.png
1,images/actors_aligned/angelina_jolie/image-107.png
1,images/actors_aligned/angelina_jolie/image-108.png
1,images/actors_aligned/angelina_jolie/image-110.png
1,images/actors_aligned/angelina_jolie/image-111.png
1,images/actors_aligned/angelina_jolie/image-114.png
1,images/actors_aligned/angelina_jolie/image-116.png
1,images/actors_aligned/angelina_jolie/image-118.png
1,images/actors_aligned/angelina_jolie/image-119.png
1,images/actors_aligned/angelina_jolie/image-12.png
1,images/actors_aligned/angelina_jolie/image-120.png
1,images/actors_aligned/angelina_jolie/image-121.png
1,images/actors_aligned/angelina_jolie/image-122.png
1,images/actors_aligned/angelina_jolie/image-123.png
1,images/actors_aligned/angelina_jolie/image-124.png
1,images/actors_aligned/angelina_jolie/image-125.png
1,images/actors_aligned/angelina_jolie/image-126.png
1,images/actors_aligned/angelina_jolie/image-127.png
1,images/actors_aligned/angelina_jolie/image-129.png
1,images/actors_aligned/angelina_jolie/image-13.png
1,images/actors_aligned/angelina_jolie/image-131.png
1,images/actors_aligned/angelina_jolie/image-132.png
1,images/actors_aligned/angelina_jolie/image-133.png
1,images/actors_aligned/angelina_jolie/image-134.png
1,images/actors_aligned/angelina_jolie/image-136.png
1,images/actors_aligned/angelina_jolie/image-137.png
1,images/actors_aligned/angelina_jolie/image-138.png
1,images/actors_aligned/angelina_jolie/image-139.png
1,images/actors_aligned/angelina_jolie/image-140.png
1,images/actors_aligned/angelina_jolie/image-141.png
1,images/actors_aligned/angelina_jolie/image-142.png
1,images/actors_aligned/angelina_jolie/image-143.png
1,images/actors_aligned/angelina_jolie/image-144.png
1,images/actors_aligned/angelina_jolie/image-146.png
1,images/actors_aligned/angelina_jolie/image-147.png
1,images/actors_aligned/angelina_jolie/image-148.png
1,images/actors_aligned/angelina_jolie/image-15.png
1,images/actors_aligned/angelina_jolie/image-152.png
1,images/actors_aligned/angelina_jolie/image-153.png
1,images/actors_aligned/angelina_jolie/image-154.png
1,images/actors_aligned/angelina_jolie/image-156.png
1,images/actors_aligned/angelina_jolie/image-157.png
1,images/actors_aligned/angelina_jolie/image-158.png
1,images/actors_aligned/angelina_jolie/image-159.png
1,images/actors_aligned/angelina_jolie/image-16.png
1,images/actors_aligned/angelina_jolie/image-160.png
1,images/actors_aligned/angelina_jolie/image-162.png
1,images/actors_aligned/angelina_jolie/image-163.png
1,images/actors_aligned/angelina_jolie/image-164.png
1,images/actors_aligned/angelina_jolie/image-166.png
1,images/actors_aligned/angelina_jolie/image-167.png
1,images/actors_aligned/angelina_jolie/image-168.png
1,images/actors_aligned/angelina_jolie/image-17.png
1,images/actors_aligned/angelina_jolie/image-170.png
1,images/actors_aligned/angelina_jolie/image-173.png
1,images/actors_aligned/angelina_jolie/image-174.png
1,images/actors_aligned/angelina_jolie/image-175.png
1,images/actors_aligned/angelina_jolie/image-176.png
1,images/actors_aligned/angelina_jolie/image-177.png
1,images/actors_aligned/angelina_jolie/image-179.png
1,images/actors_aligned/angelina_jolie/image-18.png
1,images/actors_aligned/angelina_jolie/image-180.png
1,images/actors_aligned/angelina_jolie/image-182.png
1,images/actors_aligned/angelina_jolie/image-183.png
1,images/actors_aligned/angelina_jolie/image-184.png
1,images/actors_aligned/angelina_jolie/image-185.png
1,images/actors_aligned/angelina_jolie/image-186.png
1,images/actors_aligned/angelina_jolie/image-187.png
1,images/actors_aligned/angelina_jolie/image-188.png
1,images/actors_aligned/angelina_jolie/image-189.png
1,images/actors_aligned/angelina_jolie/image-19.png
1,images/actors_aligned/angelina_jolie/image-190.png
1,images/actors_aligned/angelina_jolie/image-191.png
1,images/actors_aligned/angelina_jolie/image-192.png
1,images/actors_aligned/angelina_jolie/image-193.png
1,images/actors_aligned/angelina_jolie/image-194.png
1,images/actors_aligned/angelina_jolie/image-195.png
1,images/actors_aligned/angelina_jolie/image-196.png
1,images/actors_aligned/angelina_jolie/image-197.png
1,images/actors_aligned/angelina_jolie/image-198.png
1,images/actors_aligned/angelina_jolie/image-199.png
1,images/actors_aligned/angelina_jolie/image-2.png
1,images/actors_aligned/angelina_jolie/image-20.png
1,images/actors_aligned/angelina_jolie/image-200.png
1,images/actors_aligned/angelina_jolie/image-201.png
1,images/actors_aligned/angelina_jolie/image-202.png
1,images/actors_aligned/angelina_jolie/image-203.png
1,images/actors_aligned/angelina_jolie/image-204.png
1,images/actors_aligned/angelina_jolie/image-205.png
1,images/actors_aligned/angelina_jolie/image-206.png
1,images/actors_aligned/angelina_jolie/image-207.png
1,images/actors_aligned/angelina_jolie/image-208.png
1,images/actors_aligned/angelina_jolie/image-209.png
1,images/actors_aligned/angelina_jolie/image-21.png
1,images/actors_aligned/angelina_jolie/image-210.png
1,images/actors_aligned/angelina_jolie/image-211.png
1,images/actors_aligned/angelina_jolie/image-213.png
1,images/actors_aligned/angelina_jolie/image-214.png
1,images/actors_aligned/angelina_jolie/image-215.png
1,images/actors_aligned/angelina_jolie/image-216.png
1,images/actors_aligned/angelina_jolie/image-217.png
1,images/actors_aligned/angelina_jolie/image-219.png
1,images/actors_aligned/angelina_jolie/image-22.png
1,images/actors_aligned/angelina_jolie/image-221.png
1,images/actors_aligned/angelina_jolie/image-222.png
1,images/actors_aligned/angelina_jolie/image-224.png
1,images/actors_aligned/angelina_jolie/image-225.png
1,images/actors_aligned/angelina_jolie/image-226.png
2,images/actors_aligned/brad_pitt/image-61.png
2,images/actors_aligned/brad_pitt/image-63.png
2,images/actors_aligned/brad_pitt/image-64.png
2,images/actors_aligned/brad_pitt/image-65.png
2,images/actors_aligned/brad_pitt/image-66.png
2,images/actors_aligned/brad_pitt/image-67.png
2,images/actors_aligned/brad_pitt/image-68.png
2,images/actors_aligned/brad_pitt/image-69.png
2,images/actors_aligned/brad_pitt/image-7.png
2,images/actors_aligned/brad_pitt/image-70.png
2,images/actors_aligned/brad_pitt/image-71.png
2,images/actors_aligned/brad_pitt/image-72.png
2,images/actors_aligned/brad_pitt/image-73.png
2,images/actors_aligned/brad_pitt/image-74.png
2,images/actors_aligned/brad_pitt/image-75.png
2,images/actors_aligned/brad_pitt/image-76.png
2,images/actors_aligned/brad_pitt/image-77.png
2,images/actors_aligned/brad_pitt/image-78.png
2,images/actors_aligned/brad_pitt/image-79.png
2,images/actors_aligned/brad_pitt/image-8.png
2,images/actors_aligned/brad_pitt/image-80.png
2,images/actors_aligned/brad_pitt/image-83.png
2,images/actors_aligned/brad_pitt/image-84.png
2,images/actors_aligned/brad_pitt/image-85.png
2,images/actors_aligned/brad_pitt/image-87.png
2,images/actors_aligned/brad_pitt/image-88.png
2,images/actors_aligned/brad_pitt/image-89.png
2,images/actors_aligned/brad_pitt/image-9.png
2,images/actors_aligned/brad_pitt/image-90.png
2,images/actors_aligned/brad_pitt/image-92.png
2,images/actors_aligned/brad_pitt/image-93.png
2,images/actors_aligned/brad_pitt/image-95.png
2,images/actors_aligned/brad_pitt/image-96.png
2,images/actors_aligned/brad_pitt/image-97.png
2,images/actors_aligned/brad_pitt/image-98.png
2,images/actors_aligned/brad_pitt/image-99.png
2,images/actors_aligned/brad_pitt/image-234.png
2,images/actors_aligned/brad_pitt/image-237.png
2,images/actors_aligned/brad_pitt/image-238.png
2,images/actors_aligned/brad_pitt/image-24.png
2,images/actors_aligned/brad_pitt/image-240.png
2,images/actors_aligned/brad_pitt/image-241.png
2,images/actors_aligned/brad_pitt/image-242.png
2,images/actors_aligned/brad_pitt/image-245.png
2,images/actors_aligned/brad_pitt/image-246.png
2,images/actors_aligned/brad_pitt/image-247.png
2,images/actors_aligned/brad_pitt/image-248.png
2,images/actors_aligned/brad_pitt/image-249.png
2,images/actors_aligned/brad_pitt/image-250.png
2,images/actors_aligned/brad_pitt/image-251.png
2,images/actors_aligned/brad_pitt/image-252.png
2,images/actors_aligned/brad_pitt/image-253.png
2,images/actors_aligned/brad_pitt/image-256.png
2,images/actors_aligned/brad_pitt/image-257.png
2,images/actors_aligned/brad_pitt/image-258.png
2,images/actors_aligned/brad_pitt/image-259.png
2,images/actors_aligned/brad_pitt/image-26.png
2,images/actors_aligned/brad_pitt/image-260.png
2,images/actors_aligned/brad_pitt/image-261.png
2,images/actors_aligned/brad_pitt/image-262.png
2,images/actors_aligned/brad_pitt/image-263.png
2,images/actors_aligned/brad_pitt/image-264.png
2,images/actors_aligned/brad_pitt/image-265.png
2,images/actors_aligned/brad_pitt/image-266.png
2,images/actors_aligned/brad_pitt/image-268.png
2,images/actors_aligned/brad_pitt/image-269.png
2,images/actors_aligned/brad_pitt/image-27.png
2,images/actors_aligned/brad_pitt/image-270.png
2,images/actors_aligned/brad_pitt/image-271.png
2,images/actors_aligned/brad_pitt/image-273.png
2,images/actors_aligned/brad_pitt/image-275.png
2,images/actors_aligned/brad_pitt/image-276.png
2,images/actors_aligned/brad_pitt/image-278.png
2,images/actors_aligned/brad_pitt/image-28.png
2,images/actors_aligned/brad_pitt/image-280.png
2,images/actors_aligned/brad_pitt/image-281.png
2,images/actors_aligned/brad_pitt/image-282.png
2,images/actors_aligned/brad_pitt/image-284.png
2,images/actors_aligned/brad_pitt/image-285.png
2,images/actors_aligned/brad_pitt/image-286.png
2,images/actors_aligned/brad_pitt/image-288.png
2,images/actors_aligned/brad_pitt/image-289.png
2,images/actors_aligned/brad_pitt/image-29.png
2,images/actors_aligned/brad_pitt/image-290.png
2,images/actors_aligned/brad_pitt/image-291.png
2,images/actors_aligned/brad_pitt/image-292.png
2,images/actors_aligned/brad_pitt/image-293.png
2,images/actors_aligned/brad_pitt/image-294.png
2,images/actors_aligned/brad_pitt/image-295.png
2,images/actors_aligned/brad_pitt/image-296.png
2,images/actors_aligned/brad_pitt/image-298.png
2,images/actors_aligned/brad_pitt/image-299.png
2,images/actors_aligned/brad_pitt/image-30.png
2,images/actors_aligned/brad_pitt/image-300.png
2,images/actors_aligned/brad_pitt/image-301.png
2,images/actors_aligned/brad_pitt/image-302.png
2,images/actors_aligned/brad_pitt/image-303.png
2,images/actors_aligned/brad_pitt/image-304.png
2,images/actors_aligned/brad_pitt/image-305.png
2,images/actors_aligned/brad_pitt/image-307.png
2,images/actors_aligned/brad_pitt/image-309.png
2,images/actors_aligned/brad_pitt/image-31.png
2,images/actors_aligned/brad_pitt/image-310.png
2,images/actors_aligned/brad_pitt/image-312.png
2,images/actors_aligned/brad_pitt/image-313.png
2,images/actors_aligned/brad_pitt/image-314.png
2,images/actors_aligned/brad_pitt/image-315.png
2,images/actors_aligned/brad_pitt/image-316.png
2,images/actors_aligned/brad_pitt/image-317.png
2,images/actors_aligned/brad_pitt/image-318.png
2,images/actors_aligned/brad_pitt/image-32.png
2,images/actors_aligned/brad_pitt/image-320.png
2,images/actors_aligned/brad_pitt/image-323.png
2,images/actors_aligned/brad_pitt/image-324.png
2,images/actors_aligned/brad_pitt/image-325.png
2,images/actors_aligned/brad_pitt/image-326.png
2,images/actors_aligned/brad_pitt/image-327.png
2,images/actors_aligned/brad_pitt/image-328.png
2,images/actors_aligned/brad_pitt/image-329.png
2,images/actors_aligned/brad_pitt/image-33.png
2,images/actors_aligned/brad_pitt/image-331.png
2,images/actors_aligned/brad_pitt/image-332.png
2,images/actors_aligned/brad_pitt/image-333.png
2,images/actors_aligned/brad_pitt/image-336.png
2,images/actors_aligned/brad_pitt/image-337.png
2,images/actors_aligned/brad_pitt/image-338.png
2,images/actors_aligned/brad_pitt/image-34.png
2,images/actors_aligned/brad_pitt/image-35.png
2,images/actors_aligned/brad_pitt/image-36.png
2,images/actors_aligned/brad_pitt/image-37.png
2,images/actors_aligned/brad_pitt/image-38.png
2,images/actors_aligned/brad_pitt/image-39.png
2,images/actors_aligned/brad_pitt/image-4.png
2,images/actors_aligned/brad_pitt/image-40.png
2,images/actors_aligned/brad_pitt/image-41.png
2,images/actors_aligned/brad_pitt/image-42.png
2,images/actors_aligned/brad_pitt/image-43.png
2,images/actors_aligned/brad_pitt/image-44.png
2,images/actors_aligned/brad_pitt/image-45.png
2,images/actors_aligned/brad_pitt/image-46.png
2,images/actors_aligned/brad_pitt/image-47.png
2,images/actors_aligned/brad_pitt/image-48.png
2,images/actors_aligned/brad_pitt/image-49.png
2,images/actors_aligned/brad_pitt/image-5.png
2,images/actors_aligned/brad_pitt/image-50.png
2,images/actors_aligned/brad_pitt/image-51.png
2,images/actors_aligned/brad_pitt/image-52.png
2,images/actors_aligned/brad_pitt/image-53.png
2,images/actors_aligned/brad_pitt/image-54.png
2,images/actors_aligned/brad_pitt/image-55.png
2,images/actors_aligned/brad_pitt/image-57.png
2,images/actors_aligned/brad_pitt/image-59.png
2,images/actors_aligned/brad_pitt/image-6.png
2,images/actors_aligned/brad_pitt/image-1.png
2,images/actors_aligned/brad_pitt/image-100.png
2,images/actors_aligned/brad_pitt/image-101.png
2,images/actors_aligned/brad_pitt/image-104.png
2,images/actors_aligned/brad_pitt/image-106.png
2,images/actors_aligned/brad_pitt/image-107.png
2,images/actors_aligned/brad_pitt/image-108.png
2,images/actors_aligned/brad_pitt/image-109.png
2,images/actors_aligned/brad_pitt/image-11.png
2,images/actors_aligned/brad_pitt/image-110.png
2,images/actors_aligned/brad_pitt/image-111.png
2,images/actors_aligned/brad_pitt/image-112.png
2,images/actors_aligned/brad_pitt/image-113.png
2,images/actors_aligned/brad_pitt/image-114.png
2,images/actors_aligned/brad_pitt/image-115.png
2,images/actors_aligned/brad_pitt/image-117.png
2,images/actors_aligned/brad_pitt/image-118.png
2,images/actors_aligned/brad_pitt/image-12.png
2,images/actors_aligned/brad_pitt/image-121.png
2,images/actors_aligned/brad_pitt/image-122.png
2,images/actors_aligned/brad_pitt/image-123.png
2,images/actors_aligned/brad_pitt/image-126.png
2,images/actors_aligned/brad_pitt/image-127.png
2,images/actors_aligned/brad_pitt/image-129.png
2,images/actors_aligned/brad_pitt/image-13.png
2,images/actors_aligned/brad_pitt/image-130.png
2,images/actors_aligned/brad_pitt/image-131.png
2,images/actors_aligned/brad_pitt/image-133.png
2,images/actors_aligned/brad_pitt/image-134.png
2,images/actors_aligned/brad_pitt/image-135.png
2,images/actors_aligned/brad_pitt/image-136.png
2,images/actors_aligned/brad_pitt/image-137.png
2,images/actors_aligned/brad_pitt/image-139.png
2,images/actors_aligned/brad_pitt/image-14.png
2,images/actors_aligned/brad_pitt/image-141.png
2,images/actors_aligned/brad_pitt/image-142.png
2,images/actors_aligned/brad_pitt/image-143.png
2,images/actors_aligned/brad_pitt/image-144.png
2,images/actors_aligned/brad_pitt/image-146.png
2,images/actors_aligned/brad_pitt/image-147.png
2,images/actors_aligned/brad_pitt/image-150.png
2,images/actors_aligned/brad_pitt/image-151.png
2,images/actors_aligned/brad_pitt/image-152.png
2,images/actors_aligned/brad_pitt/image-153.png
2,images/actors_aligned/brad_pitt/image-154.png
2,images/actors_aligned/brad_pitt/image-155.png
2,images/actors_aligned/brad_pitt/image-157.png
2,images/actors_aligned/brad_pitt/image-158.png
2,images/actors_aligned/brad_pitt/image-159.png
2,images/actors_aligned/brad_pitt/image-16.png
2,images/actors_aligned/brad_pitt/image-160.png
2,images/actors_aligned/brad_pitt/image-161.png
2,images/actors_aligned/brad_pitt/image-162.png
2,images/actors_aligned/brad_pitt/image-163.png
2,images/actors_aligned/brad_pitt/image-164.png
2,images/actors_aligned/brad_pitt/image-165.png
2,images/actors_aligned/brad_pitt/image-167.png
2,images/actors_aligned/brad_pitt/image-168.png
2,images/actors_aligned/brad_pitt/image-17.png
2,images/actors_aligned/brad_pitt/image-170.png
2,images/actors_aligned/brad_pitt/image-173.png
2,images/actors_aligned/brad_pitt/image-174.png
2,images/actors_aligned/brad_pitt/image-175.png
2,images/actors_aligned/brad_pitt/image-176.png
2,images/actors_aligned/brad_pitt/image-177.png
2,images/actors_aligned/brad_pitt/image-178.png
2,images/actors_aligned/brad_pitt/image-179.png
2,images/actors_aligned/brad_pitt/image-18.png
2,images/actors_aligned/brad_pitt/image-180.png
2,images/actors_aligned/brad_pitt/image-181.png
2,images/actors_aligned/brad_pitt/image-182.png
2,images/actors_aligned/brad_pitt/image-183.png
2,images/actors_aligned/brad_pitt/image-184.png
2,images/actors_aligned/brad_pitt/image-185.png
2,images/actors_aligned/brad_pitt/image-186.png
2,images/actors_aligned/brad_pitt/image-187.png
2,images/actors_aligned/brad_pitt/image-188.png
2,images/actors_aligned/brad_pitt/image-189.png
2,images/actors_aligned/brad_pitt/image-191.png
2,images/actors_aligned/brad_pitt/image-192.png
2,images/actors_aligned/brad_pitt/image-193.png
2,images/actors_aligned/brad_pitt/image-194.png
2,images/actors_aligned/brad_pitt/image-195.png
2,images/actors_aligned/brad_pitt/image-197.png
2,images/actors_aligned/brad_pitt/image-198.png
2,images/actors_aligned/brad_pitt/image-199.png
2,images/actors_aligned/brad_pitt/image-20.png
2,images/actors_aligned/brad_pitt/image-201.png
2,images/actors_aligned/brad_pitt/image-202.png
2,images/actors_aligned/brad_pitt/image-203.png
2,images/actors_aligned/brad_pitt/image-204.png
2,images/actors_aligned/brad_pitt/image-205.png
2,images/actors_aligned/brad_pitt/image-206.png
2,images/actors_aligned/brad_pitt/image-207.png
2,images/actors_aligned/brad_pitt/image-209.png
2,images/actors_aligned/brad_pitt/image-21.png
2,images/actors_aligned/brad_pitt/image-210.png
2,images/actors_aligned/brad_pitt/image-211.png
2,images/actors_aligned/brad_pitt/image-212.png
2,images/actors_aligned/brad_pitt/image-214.png
2,images/actors_aligned/brad_pitt/image-215.png
2,images/actors_aligned/brad_pitt/image-216.png
2,images/actors_aligned/brad_pitt/image-217.png
2,images/actors_aligned/brad_pitt/image-218.png
2,images/actors_aligned/brad_pitt/image-220.png
2,images/actors_aligned/brad_pitt/image-221.png
2,images/actors_aligned/brad_pitt/image-222.png
2,images/actors_aligned/brad_pitt/image-224.png
2,images/actors_aligned/brad_pitt/image-226.png
2,images/actors_aligned/brad_pitt/image-227.png
2,images/actors_aligned/brad_pitt/image-228.png
2,images/actors_aligned/brad_pitt/image-229.png
2,images/actors_aligned/brad_pitt/image-230.png
2,images/actors_aligned/brad_pitt/image-231.png
2,images/actors_aligned/brad_pitt/image-232.png
3,images/actors_aligned/jake_johnson/image-383.png
3,images/actors_aligned/jake_johnson/image-385.png
3,images/actors_aligned/jake_johnson/image-386.png
3,images/actors_aligned/jake_johnson/image-387.png
3,images/actors_aligned/jake_johnson/image-388.png
3,images/actors_aligned/jake_johnson/image-39.png
3,images/actors_aligned/jake_johnson/image-390.png
3,images/actors_aligned/jake_johnson/image-391.png
3,images/actors_aligned/jake_johnson/image-392.png
3,images/actors_aligned/jake_johnson/image-395.png
3,images/actors_aligned/jake_johnson/image-396.png
3,images/actors_aligned/jake_johnson/image-397.png
3,images/actors_aligned/jake_johnson/image-4.png
3,images/actors_aligned/jake_johnson/image-40.png
3,images/actors_aligned/jake_johnson/image-41.png
3,images/actors_aligned/jake_johnson/image-42.png
3,images/actors_aligned/jake_johnson/image-46.png
3,images/actors_aligned/jake_johnson/image-49.png
3,images/actors_aligned/jake_johnson/image-50.png
3,images/actors_aligned/jake_johnson/image-51.png
3,images/actors_aligned/jake_johnson/image-52.png
3,images/actors_aligned/jake_johnson/image-53.png
3,images/actors_aligned/jake_johnson/image-54.png
3,images/actors_aligned/jake_johnson/image-55.png
3,images/actors_aligned/jake_johnson/image-56.png
3,images/actors_aligned/jake_johnson/image-57.png
3,images/actors_aligned/jake_johnson/image-58.png
3,images/actors_aligned/jake_johnson/image-59.png
3,images/actors_aligned/jake_johnson/image-6.png
3,images/actors_aligned/jake_johnson/image-61.png
3,images/actors_aligned/jake_johnson/image-62.png
3,images/actors_aligned/jake_johnson/image-63.png
3,images/actors_aligned/jake_johnson/image-64.png
3,images/actors_aligned/jake_johnson/image-65.png
3,images/actors_aligned/jake_johnson/image-66.png
3,images/actors_aligned/jake_johnson/image-67.png
3,images/actors_aligned/jake_johnson/image-69.png
3,images/actors_aligned/jake_johnson/image-7.png
3,images/actors_aligned/jake_johnson/image-70.png
3,images/actors_aligned/jake_johnson/image-71.png
3,images/actors_aligned/jake_johnson/image-72.png
3,images/actors_aligned/jake_johnson/image-73.png
3,images/actors_aligned/jake_johnson/image-74.png
3,images/actors_aligned/jake_johnson/image-75.png
3,images/actors_aligned/jake_johnson/image-76.png
3,images/actors_aligned/jake_johnson/image-78.png
3,images/actors_aligned/jake_johnson/image-8.png
3,images/actors_aligned/jake_johnson/image-80.png
3,images/actors_aligned/jake_johnson/image-81.png
3,images/actors_aligned/jake_johnson/image-82.png
3,images/actors_aligned/jake_johnson/image-84.png
3,images/actors_aligned/jake_johnson/image-85.png
3,images/actors_aligned/jake_johnson/image-86.png
3,images/actors_aligned/jake_johnson/image-89.png
3,images/actors_aligned/jake_johnson/image-9.png
3,images/actors_aligned/jake_johnson/image-92.png
3,images/actors_aligned/jake_johnson/image-93.png
3,images/actors_aligned/jake_johnson/image-94.png
3,images/actors_aligned/jake_johnson/image-95.png
3,images/actors_aligned/jake_johnson/image-96.png
3,images/actors_aligned/jake_johnson/image-97.png
3,images/actors_aligned/jake_johnson/image-98.png
3,images/actors_aligned/jake_johnson/image-243.png
3,images/actors_aligned/jake_johnson/image-244.png
3,images/actors_aligned/jake_johnson/image-245.png
3,images/actors_aligned/jake_johnson/image-246.png
3,images/actors_aligned/jake_johnson/image-247.png
3,images/actors_aligned/jake_johnson/image-249.png
3,images/actors_aligned/jake_johnson/image-25.png
3,images/actors_aligned/jake_johnson/image-250.png
3,images/actors_aligned/jake_johnson/image-251.png
3,images/actors_aligned/jake_johnson/image-252.png
3,images/actors_aligned/jake_johnson/image-253.png
3,images/actors_aligned/jake_johnson/image-254.png
3,images/actors_aligned/jake_johnson/image-257.png
3,images/actors_aligned/jake_johnson/image-258.png
3,images/actors_aligned/jake_johnson/image-26.png
3,images/actors_aligned/jake_johnson/image-260.png
3,images/actors_aligned/jake_johnson/image-261.png
3,images/actors_aligned/jake_johnson/image-262.png
3,images/actors_aligned/jake_johnson/image-263.png
3,images/actors_aligned/jake_johnson/image-264.png
3,images/actors_aligned/jake_johnson/image-265.png
3,images/actors_aligned/jake_johnson/image-266.png
3,images/actors_aligned/jake_johnson/image-267.png
3,images/actors_aligned/jake_johnson/image-268.png
3,images/actors_aligned/jake_johnson/image-27.png
3,images/actors_aligned/jake_johnson/image-270.png
3,images/actors_aligned/jake_johnson/image-271.png
3,images/actors_aligned/jake_johnson/image-273.png
3,images/actors_aligned/jake_johnson/image-274.png
3,images/actors_aligned/jake_johnson/image-275.png
3,images/actors_aligned/jake_johnson/image-277.png
3,images/actors_aligned/jake_johnson/image-279.png
3,images/actors_aligned/jake_johnson/image-280.png
3,images/actors_aligned/jake_johnson/image-281.png
3,images/actors_aligned/jake_johnson/image-282.png
3,images/actors_aligned/jake_johnson/image-283.png
3,images/actors_aligned/jake_johnson/image-285.png
3,images/actors_aligned/jake_johnson/image-286.png
3,images/actors_aligned/jake_johnson/image-287.png
3,images/actors_aligned/jake_johnson/image-288.png
3,images/actors_aligned/jake_johnson/image-289.png
3,images/actors_aligned/jake_johnson/image-291.png
3,images/actors_aligned/jake_johnson/image-292.png
3,images/actors_aligned/jake_johnson/image-293.png
3,images/actors_aligned/jake_johnson/image-294.png
3,images/actors_aligned/jake_johnson/image-296.png
3,images/actors_aligned/jake_johnson/image-297.png
3,images/actors_aligned/jake_johnson/image-298.png
3,images/actors_aligned/jake_johnson/image-299.png
3,images/actors_aligned/jake_johnson/image-3.png
3,images/actors_aligned/jake_johnson/image-300.png
3,images/actors_aligned/jake_johnson/image-302.png
3,images/actors_aligned/jake_johnson/image-303.png
3,images/actors_aligned/jake_johnson/image-304.png
3,images/actors_aligned/jake_johnson/image-305.png
3,images/actors_aligned/jake_johnson/image-306.png
3,images/actors_aligned/jake_johnson/image-308.png
3,images/actors_aligned/jake_johnson/image-31.png
3,images/actors_aligned/jake_johnson/image-310.png
3,images/actors_aligned/jake_johnson/image-311.png
3,images/actors_aligned/jake_johnson/image-315.png
3,images/actors_aligned/jake_johnson/image-316.png
3,images/actors_aligned/jake_johnson/image-317.png
3,images/actors_aligned/jake_johnson/image-320.png
3,images/actors_aligned/jake_johnson/image-321.png
3,images/actors_aligned/jake_johnson/image-322.png
3,images/actors_aligned/jake_johnson/image-323.png
3,images/actors_aligned/jake_johnson/image-325.png
3,images/actors_aligned/jake_johnson/image-326.png
3,images/actors_aligned/jake_johnson/image-327.png
3,images/actors_aligned/jake_johnson/image-329.png
3,images/actors_aligned/jake_johnson/image-33.png
3,images/actors_aligned/jake_johnson/image-330.png
3,images/actors_aligned/jake_johnson/image-331.png
3,images/actors_aligned/jake_johnson/image-332.png
3,images/actors_aligned/jake_johnson/image-335.png
3,images/actors_aligned/jake_johnson/image-336.png
3,images/actors_aligned/jake_johnson/image-337.png
3,images/actors_aligned/jake_johnson/image-338.png
3,images/actors_aligned/jake_johnson/image-339.png
3,images/actors_aligned/jake_johnson/image-340.png
3,images/actors_aligned/jake_johnson/image-341.png
3,images/actors_aligned/jake_johnson/image-342.png
3,images/actors_aligned/jake_johnson/image-343.png
3,images/actors_aligned/jake_johnson/image-344.png
3,images/actors_aligned/jake_johnson/image-345.png
3,images/actors_aligned/jake_johnson/image-346.png
3,images/actors_aligned/jake_johnson/image-347.png
3,images/actors_aligned/jake_johnson/image-348.png
3,images/actors_aligned/jake_johnson/image-349.png
3,images/actors_aligned/jake_johnson/image-35.png
3,images/actors_aligned/jake_johnson/image-350.png
3,images/actors_aligned/jake_johnson/image-352.png
3,images/actors_aligned/jake_johnson/image-353.png
3,images/actors_aligned/jake_johnson/image-354.png
3,images/actors_aligned/jake_johnson/image-356.png
3,images/actors_aligned/jake_johnson/image-357.png
3,images/actors_aligned/jake_johnson/image-358.png
3,images/actors_aligned/jake_johnson/image-360.png
3,images/actors_aligned/jake_johnson/image-361.png
3,images/actors_aligned/jake_johnson/image-362.png
3,images/actors_aligned/jake_johnson/image-363.png
3,images/actors_aligned/jake_johnson/image-364.png
3,images/actors_aligned/jake_johnson/image-365.png
3,images/actors_aligned/jake_johnson/image-366.png
3,images/actors_aligned/jake_johnson/image-367.png
3,images/actors_aligned/jake_johnson/image-368.png
3,images/actors_aligned/jake_johnson/image-369.png
3,images/actors_aligned/jake_johnson/image-37.png
3,images/actors_aligned/jake_johnson/image-370.png
3,images/actors_aligned/jake_johnson/image-373.png
3,images/actors_aligned/jake_johnson/image-375.png
3,images/actors_aligned/jake_johnson/image-376.png
3,images/actors_aligned/jake_johnson/image-378.png
3,images/actors_aligned/jake_johnson/image-38.png
3,images/actors_aligned/jake_johnson/image-380.png
3,images/actors_aligned/jake_johnson/image-381.png
3,images/actors_aligned/jake_johnson/image-1.png
3,images/actors_aligned/jake_johnson/image-10.png
3,images/actors_aligned/jake_johnson/image-103.png
3,images/actors_aligned/jake_johnson/image-104.png
3,images/actors_aligned/jake_johnson/image-105.png
3,images/actors_aligned/jake_johnson/image-106.png
3,images/actors_aligned/jake_johnson/image-108.png
3,images/actors_aligned/jake_johnson/image-11.png
3,images/actors_aligned/jake_johnson/image-110.png
3,images/actors_aligned/jake_johnson/image-111.png
3,images/actors_aligned/jake_johnson/image-112.png
3,images/actors_aligned/jake_johnson/image-113.png
3,images/actors_aligned/jake_johnson/image-115.png
3,images/actors_aligned/jake_johnson/image-119.png
3,images/actors_aligned/jake_johnson/image-12.png
3,images/actors_aligned/jake_johnson/image-120.png
3,images/actors_aligned/jake_johnson/image-121.png
3,images/actors_aligned/jake_johnson/image-123.png
3,images/actors_aligned/jake_johnson/image-125.png
3,images/actors_aligned/jake_johnson/image-126.png
3,images/actors_aligned/jake_johnson/image-127.png
3,images/actors_aligned/jake_johnson/image-129.png
3,images/actors_aligned/jake_johnson/image-13.png
3,images/actors_aligned/jake_johnson/image-131.png
3,images/actors_aligned/jake_johnson/image-132.png
3,images/actors_aligned/jake_johnson/image-133.png
3,images/actors_aligned/jake_johnson/image-134.png
3,images/actors_aligned/jake_johnson/image-137.png
3,images/actors_aligned/jake_johnson/image-138.png
3,images/actors_aligned/jake_johnson/image-14.png
3,images/actors_aligned/jake_johnson/image-140.png
3,images/actors_aligned/jake_johnson/image-141.png
3,images/actors_aligned/jake_johnson/image-143.png
3,images/actors_aligned/jake_johnson/image-144.png
3,images/actors_aligned/jake_johnson/image-146.png
3,images/actors_aligned/jake_johnson/image-147.png
3,images/actors_aligned/jake_johnson/image-148.png
3,images/actors_aligned/jake_johnson/image-149.png
3,images/actors_aligned/jake_johnson/image-15.png
3,images/actors_aligned/jake_johnson/image-150.png
3,images/actors_aligned/jake_johnson/image-151.png
3,images/actors_aligned/jake_johnson/image-153.png
3,images/actors_aligned/jake_johnson/image-154.png
3,images/actors_aligned/jake_johnson/image-155.png
3,images/actors_aligned/jake_johnson/image-157.png
3,images/actors_aligned/jake_johnson/image-158.png
3,images/actors_aligned/jake_johnson/image-159.png
3,images/actors_aligned/jake_johnson/image-16.png
3,images/actors_aligned/jake_johnson/image-161.png
3,images/actors_aligned/jake_johnson/image-162.png
3,images/actors_aligned/jake_johnson/image-164.png
3,images/actors_aligned/jake_johnson/image-165.png
3,images/actors_aligned/jake_johnson/image-167.png
3,images/actors_aligned/jake_johnson/image-168.png
3,images/actors_aligned/jake_johnson/image-169.png
3,images/actors_aligned/jake_johnson/image-17.png
3,images/actors_aligned/jake_johnson/image-170.png
3,images/actors_aligned/jake_johnson/image-171.png
3,images/actors_aligned/jake_johnson/image-172.png
3,images/actors_aligned/jake_johnson/image-173.png
3,images/actors_aligned/jake_johnson/image-175.png
3,images/actors_aligned/jake_johnson/image-176.png
3,images/actors_aligned/jake_johnson/image-178.png
3,images/actors_aligned/jake_johnson/image-18.png
3,images/actors_aligned/jake_johnson/image-180.png
3,images/actors_aligned/jake_johnson/image-182.png
3,images/actors_aligned/jake_johnson/image-183.png
3,images/actors_aligned/jake_johnson/image-184.png
3,images/actors_aligned/jake_johnson/image-187.png
3,images/actors_aligned/jake_johnson/image-189.png
3,images/actors_aligned/jake_johnson/image-19.png
3,images/actors_aligned/jake_johnson/image-190.png
3,images/actors_aligned/jake_johnson/image-191.png
3,images/actors_aligned/jake_johnson/image-192.png
3,images/actors_aligned/jake_johnson/image-194.png
3,images/actors_aligned/jake_johnson/image-195.png
3,images/actors_aligned/jake_johnson/image-198.png
3,images/actors_aligned/jake_johnson/image-20.png
3,images/actors_aligned/jake_johnson/image-201.png
3,images/actors_aligned/jake_johnson/image-203.png
3,images/actors_aligned/jake_johnson/image-204.png
3,images/actors_aligned/jake_johnson/image-205.png
3,images/actors_aligned/jake_johnson/image-207.png
3,images/actors_aligned/jake_johnson/image-208.png
3,images/actors_aligned/jake_johnson/image-209.png
3,images/actors_aligned/jake_johnson/image-21.png
3,images/actors_aligned/jake_johnson/image-210.png
3,images/actors_aligned/jake_johnson/image-211.png
3,images/actors_aligned/jake_johnson/image-212.png
3,images/actors_aligned/jake_johnson/image-213.png
3,images/actors_aligned/jake_johnson/image-214.png
3,images/actors_aligned/jake_johnson/image-216.png
3,images/actors_aligned/jake_johnson/image-217.png
3,images/actors_aligned/jake_johnson/image-218.png
3,images/actors_aligned/jake_johnson/image-219.png
3,images/actors_aligned/jake_johnson/image-22.png
3,images/actors_aligned/jake_johnson/image-220.png
3,images/actors_aligned/jake_johnson/image-221.png
3,images/actors_aligned/jake_johnson/image-222.png
3,images/actors_aligned/jake_johnson/image-223.png
3,images/actors_aligned/jake_johnson/image-225.png
3,images/actors_aligned/jake_johnson/image-226.png
3,images/actors_aligned/jake_johnson/image-227.png
3,images/actors_aligned/jake_johnson/image-228.png
3,images/actors_aligned/jake_johnson/image-229.png
3,images/actors_aligned/jake_johnson/image-230.png
3,images/actors_aligned/jake_johnson/image-232.png
3,images/actors_aligned/jake_johnson/image-234.png
3,images/actors_aligned/jake_johnson/image-235.png
3,images/actors_aligned/jake_johnson/image-237.png
3,images/actors_aligned/jake_johnson/image-238.png
3,images/actors_aligned/jake_johnson/image-239.png
3,images/actors_aligned/jake_johnson/image-240.png
3,images/actors_aligned/jake_johnson/image-241.png
3,images/actors_aligned/jake_johnson/image-242.png
4,images/actors_aligned/max_greenfield/image-89.png
4,images/actors_aligned/max_greenfield/image-9.png
4,images/actors_aligned/max_greenfield/image-90.png
4,images/actors_aligned/max_greenfield/image-91.png
4,images/actors_aligned/max_greenfield/image-92.png
4,images/actors_aligned/max_greenfield/image-93.png
4,images/actors_aligned/max_greenfield/image-94.png
4,images/actors_aligned/max_greenfield/image-95.png
4,images/actors_aligned/max_greenfield/image-97.png
4,images/actors_aligned/max_greenfield/image-98.png
4,images/actors_aligned/max_greenfield/image-99.png
4,images/actors_aligned/max_greenfield/image-245.png
4,images/actors_aligned/max_greenfield/image-246.png
4,images/actors_aligned/max_greenfield/image-248.png
4,images/actors_aligned/max_greenfield/image-249.png
4,images/actors_aligned/max_greenfield/image-25.png
4,images/actors_aligned/max_greenfield/image-250.png
4,images/actors_aligned/max_greenfield/image-251.png
4,images/actors_aligned/max_greenfield/image-252.png
4,images/actors_aligned/max_greenfield/image-253.png
4,images/actors_aligned/max_greenfield/image-255.png
4,images/actors_aligned/max_greenfield/image-256.png
4,images/actors_aligned/max_greenfield/image-258.png
4,images/actors_aligned/max_greenfield/image-259.png
4,images/actors_aligned/max_greenfield/image-260.png
4,images/actors_aligned/max_greenfield/image-261.png
4,images/actors_aligned/max_greenfield/image-262.png
4,images/actors_aligned/max_greenfield/image-263.png
4,images/actors_aligned/max_greenfield/image-264.png
4,images/actors_aligned/max_greenfield/image-265.png
4,images/actors_aligned/max_greenfield/image-266.png
4,images/actors_aligned/max_greenfield/image-268.png
4,images/actors_aligned/max_greenfield/image-271.png
4,images/actors_aligned/max_greenfield/image-272.png
4,images/actors_aligned/max_greenfield/image-273.png
4,images/actors_aligned/max_greenfield/image-277.png
4,images/actors_aligned/max_greenfield/image-278.png
4,images/actors_aligned/max_greenfield/image-279.png
4,images/actors_aligned/max_greenfield/image-28.png
4,images/actors_aligned/max_greenfield/image-280.png
4,images/actors_aligned/max_greenfield/image-281.png
4,images/actors_aligned/max_greenfield/image-283.png
4,images/actors_aligned/max_greenfield/image-284.png
4,images/actors_aligned/max_greenfield/image-285.png
4,images/actors_aligned/max_greenfield/image-286.png
4,images/actors_aligned/max_greenfield/image-287.png
4,images/actors_aligned/max_greenfield/image-288.png
4,images/actors_aligned/max_greenfield/image-289.png
4,images/actors_aligned/max_greenfield/image-291.png
4,images/actors_aligned/max_greenfield/image-292.png
4,images/actors_aligned/max_greenfield/image-293.png
4,images/actors_aligned/max_greenfield/image-294.png
4,images/actors_aligned/max_greenfield/image-295.png
4,images/actors_aligned/max_greenfield/image-296.png
4,images/actors_aligned/max_greenfield/image-297.png
4,images/actors_aligned/max_greenfield/image-299.png
4,images/actors_aligned/max_greenfield/image-3.png
4,images/actors_aligned/max_greenfield/image-301.png
4,images/actors_aligned/max_greenfield/image-302.png
4,images/actors_aligned/max_greenfield/image-303.png
4,images/actors_aligned/max_greenfield/image-304.png
4,images/actors_aligned/max_greenfield/image-306.png
4,images/actors_aligned/max_greenfield/image-307.png
4,images/actors_aligned/max_greenfield/image-308.png
4,images/actors_aligned/max_greenfield/image-31.png
4,images/actors_aligned/max_greenfield/image-311.png
4,images/actors_aligned/max_greenfield/image-312.png
4,images/actors_aligned/max_greenfield/image-313.png
4,images/actors_aligned/max_greenfield/image-314.png
4,images/actors_aligned/max_greenfield/image-316.png
4,images/actors_aligned/max_greenfield/image-317.png
4,images/actors_aligned/max_greenfield/image-318.png
4,images/actors_aligned/max_greenfield/image-319.png
4,images/actors_aligned/max_greenfield/image-32.png
4,images/actors_aligned/max_greenfield/image-320.png
4,images/actors_aligned/max_greenfield/image-321.png
4,images/actors_aligned/max_greenfield/image-322.png
4,images/actors_aligned/max_greenfield/image-323.png
4,images/actors_aligned/max_greenfield/image-324.png
4,images/actors_aligned/max_greenfield/image-325.png
4,images/actors_aligned/max_greenfield/image-327.png
4,images/actors_aligned/max_greenfield/image-328.png
4,images/actors_aligned/max_greenfield/image-329.png
4,images/actors_aligned/max_greenfield/image-33.png
4,images/actors_aligned/max_greenfield/image-34.png
4,images/actors_aligned/max_greenfield/image-35.png
4,images/actors_aligned/max_greenfield/image-36.png
4,images/actors_aligned/max_greenfield/image-39.png
4,images/actors_aligned/max_greenfield/image-4.png
4,images/actors_aligned/max_greenfield/image-40.png
4,images/actors_aligned/max_greenfield/image-42.png
4,images/actors_aligned/max_greenfield/image-43.png
4,images/actors_aligned/max_greenfield/image-44.png
4,images/actors_aligned/max_greenfield/image-45.png
4,images/actors_aligned/max_greenfield/image-47.png
4,images/actors_aligned/max_greenfield/image-48.png
4,images/actors_aligned/max_greenfield/image-49.png
4,images/actors_aligned/max_greenfield/image-5.png
4,images/actors_aligned/max_greenfield/image-51.png
4,images/actors_aligned/max_greenfield/image-53.png
4,images/actors_aligned/max_greenfield/image-55.png
4,images/actors_aligned/max_greenfield/image-56.png
4,images/actors_aligned/max_greenfield/image-57.png
4,images/actors_aligned/max_greenfield/image-58.png
4,images/actors_aligned/max_greenfield/image-59.png
4,images/actors_aligned/max_greenfield/image-60.png
4,images/actors_aligned/max_greenfield/image-61.png
4,images/actors_aligned/max_greenfield/image-62.png
4,images/actors_aligned/max_greenfield/image-63.png
4,images/actors_aligned/max_greenfield/image-64.png
4,images/actors_aligned/max_greenfield/image-65.png
4,images/actors_aligned/max_greenfield/image-69.png
4,images/actors_aligned/max_greenfield/image-7.png
4,images/actors_aligned/max_greenfield/image-70.png
4,images/actors_aligned/max_greenfield/image-72.png
4,images/actors_aligned/max_greenfield/image-73.png
4,images/actors_aligned/max_greenfield/image-75.png
4,images/actors_aligned/max_greenfield/image-76.png
4,images/actors_aligned/max_greenfield/image-77.png
4,images/actors_aligned/max_greenfield/image-78.png
4,images/actors_aligned/max_greenfield/image-79.png
4,images/actors_aligned/max_greenfield/image-80.png
4,images/actors_aligned/max_greenfield/image-81.png
4,images/actors_aligned/max_greenfield/image-83.png
4,images/actors_aligned/max_greenfield/image-85.png
4,images/actors_aligned/max_greenfield/image-86.png
4,images/actors_aligned/max_greenfield/image-87.png
4,images/actors_aligned/max_greenfield/image-88.png
4,images/actors_aligned/max_greenfield/image-1.png
4,images/actors_aligned/max_greenfield/image-10.png
4,images/actors_aligned/max_greenfield/image-102.png
4,images/actors_aligned/max_greenfield/image-105.png
4,images/actors_aligned/max_greenfield/image-106.png
4,images/actors_aligned/max_greenfield/image-107.png
4,images/actors_aligned/max_greenfield/image-108.png
4,images/actors_aligned/max_greenfield/image-11.png
4,images/actors_aligned/max_greenfield/image-113.png
4,images/actors_aligned/max_greenfield/image-114.png
4,images/actors_aligned/max_greenfield/image-115.png
4,images/actors_aligned/max_greenfield/image-118.png
4,images/actors_aligned/max_greenfield/image-12.png
4,images/actors_aligned/max_greenfield/image-120.png
4,images/actors_aligned/max_greenfield/image-121.png
4,images/actors_aligned/max_greenfield/image-122.png
4,images/actors_aligned/max_greenfield/image-125.png
4,images/actors_aligned/max_greenfield/image-126.png
4,images/actors_aligned/max_greenfield/image-127.png
4,images/actors_aligned/max_greenfield/image-128.png
4,images/actors_aligned/max_greenfield/image-129.png
4,images/actors_aligned/max_greenfield/image-13.png
4,images/actors_aligned/max_greenfield/image-130.png
4,images/actors_aligned/max_greenfield/image-131.png
4,images/actors_aligned/max_greenfield/image-133.png
4,images/actors_aligned/max_greenfield/image-134.png
4,images/actors_aligned/max_greenfield/image-135.png
4,images/actors_aligned/max_greenfield/image-136.png
4,images/actors_aligned/max_greenfield/image-138.png
4,images/actors_aligned/max_greenfield/image-139.png
4,images/actors_aligned/max_greenfield/image-14.png
4,images/actors_aligned/max_greenfield/image-140.png
4,images/actors_aligned/max_greenfield/image-142.png
4,images/actors_aligned/max_greenfield/image-143.png
4,images/actors_aligned/max_greenfield/image-144.png
4,images/actors_aligned/max_greenfield/image-145.png
4,images/actors_aligned/max_greenfield/image-146.png
4,images/actors_aligned/max_greenfield/image-147.png
4,images/actors_aligned/max_greenfield/image-148.png
4,images/actors_aligned/max_greenfield/image-150.png
4,images/actors_aligned/max_greenfield/image-151.png
4,images/actors_aligned/max_greenfield/image-152.png
4,images/actors_aligned/max_greenfield/image-153.png
4,images/actors_aligned/max_greenfield/image-155.png
4,images/actors_aligned/max_greenfield/image-156.png
4,images/actors_aligned/max_greenfield/image-157.png
4,images/actors_aligned/max_greenfield/image-159.png
4,images/actors_aligned/max_greenfield/image-16.png
4,images/actors_aligned/max_greenfield/image-160.png
4,images/actors_aligned/max_greenfield/image-161.png
4,images/actors_aligned/max_greenfield/image-163.png
4,images/actors_aligned/max_greenfield/image-164.png
4,images/actors_aligned/max_greenfield/image-165.png
4,images/actors_aligned/max_greenfield/image-167.png
4,images/actors_aligned/max_greenfield/image-168.png
4,images/actors_aligned/max_greenfield/image-169.png
4,images/actors_aligned/max_greenfield/image-17.png
4,images/actors_aligned/max_greenfield/image-170.png
4,images/actors_aligned/max_greenfield/image-171.png
4,images/actors_aligned/max_greenfield/image-172.png
4,images/actors_aligned/max_greenfield/image-173.png
4,images/actors_aligned/max_greenfield/image-174.png
4,images/actors_aligned/max_greenfield/image-175.png
4,images/actors_aligned/max_greenfield/image-176.png
4,images/actors_aligned/max_greenfield/image-177.png
4,images/actors_aligned/max_greenfield/image-178.png
4,images/actors_aligned/max_greenfield/image-179.png
4,images/actors_aligned/max_greenfield/image-180.png
4,images/actors_aligned/max_greenfield/image-182.png
4,images/actors_aligned/max_greenfield/image-183.png
4,images/actors_aligned/max_greenfield/image-185.png
4,images/actors_aligned/max_greenfield/image-186.png
4,images/actors_aligned/max_greenfield/image-187.png
4,images/actors_aligned/max_greenfield/image-188.png
4,images/actors_aligned/max_greenfield/image-189.png
4,images/actors_aligned/max_greenfield/image-19.png
4,images/actors_aligned/max_greenfield/image-191.png
4,images/actors_aligned/max_greenfield/image-192.png
4,images/actors_aligned/max_greenfield/image-193.png
4,images/actors_aligned/max_greenfield/image-195.png
4,images/actors_aligned/max_greenfield/image-2.png
4,images/actors_aligned/max_greenfield/image-201.png
4,images/actors_aligned/max_greenfield/image-202.png
4,images/actors_aligned/max_greenfield/image-203.png
4,images/actors_aligned/max_greenfield/image-204.png
4,images/actors_aligned/max_greenfield/image-205.png
4,images/actors_aligned/max_greenfield/image-206.png
4,images/actors_aligned/max_greenfield/image-207.png
4,images/actors_aligned/max_greenfield/image-208.png
4,images/actors_aligned/max_greenfield/image-209.png
4,images/actors_aligned/max_greenfield/image-210.png
4,images/actors_aligned/max_greenfield/image-211.png
4,images/actors_aligned/max_greenfield/image-213.png
4,images/actors_aligned/max_greenfield/image-214.png
4,images/actors_aligned/max_greenfield/image-216.png
4,images/actors_aligned/max_greenfield/image-217.png
4,images/actors_aligned/max_greenfield/image-219.png
4,images/actors_aligned/max_greenfield/image-222.png
4,images/actors_aligned/max_greenfield/image-224.png
4,images/actors_aligned/max_greenfield/image-225.png
4,images/actors_aligned/max_greenfield/image-226.png
4,images/actors_aligned/max_greenfield/image-227.png
4,images/actors_aligned/max_greenfield/image-228.png
4,images/actors_aligned/max_greenfield/image-229.png
4,images/actors_aligned/max_greenfield/image-23.png
4,images/actors_aligned/max_greenfield/image-230.png
4,images/actors_aligned/max_greenfield/image-231.png
4,images/actors_aligned/max_greenfield/image-232.png
4,images/actors_aligned/max_greenfield/image-233.png
4,images/actors_aligned/max_greenfield/image-236.png
4,images/actors_aligned/max_greenfield/image-237.png
4,images/actors_aligned/max_greenfield/image-238.png
4,images/actors_aligned/max_greenfield/image-24.png
4,images/actors_aligned/max_greenfield/image-243.png
4,images/actors_aligned/max_greenfield/image-244.png
5,images/actors_aligned/tom_cruise/image-54.png
5,images/actors_aligned/tom_cruise/image-55.png
5,images/actors_aligned/tom_cruise/image-56.png
5,images/actors_aligned/tom_cruise/image-57.png
5,images/actors_aligned/tom_cruise/image-58.png
5,images/actors_aligned/tom_cruise/image-59.png
5,images/actors_aligned/tom_cruise/image-6.png
5,images/actors_aligned/tom_cruise/image-60.png
5,images/actors_aligned/tom_cruise/image-61.png
5,images/actors_aligned/tom_cruise/image-62.png
5,images/actors_aligned/tom_cruise/image-63.png
5,images/actors_aligned/tom_cruise/image-65.png
5,images/actors_aligned/tom_cruise/image-67.png
5,images/actors_aligned/tom_cruise/image-69.png
5,images/actors_aligned/tom_cruise/image-7.png
5,images/actors_aligned/tom_cruise/image-70.png
5,images/actors_aligned/tom_cruise/image-71.png
5,images/actors_aligned/tom_cruise/image-73.png
5,images/actors_aligned/tom_cruise/image-74.png
5,images/actors_aligned/tom_cruise/image-75.png
5,images/actors_aligned/tom_cruise/image-76.png
5,images/actors_aligned/tom_cruise/image-77.png
5,images/actors_aligned/tom_cruise/image-78.png
5,images/actors_aligned/tom_cruise/image-79.png
5,images/actors_aligned/tom_cruise/image-8.png
5,images/actors_aligned/tom_cruise/image-80.png
5,images/actors_aligned/tom_cruise/image-81.png
5,images/actors_aligned/tom_cruise/image-82.png
5,images/actors_aligned/tom_cruise/image-83.png
5,images/actors_aligned/tom_cruise/image-84.png
5,images/actors_aligned/tom_cruise/image-85.png
5,images/actors_aligned/tom_cruise/image-86.png
5,images/actors_aligned/tom_cruise/image-9.png
5,images/actors_aligned/tom_cruise/image-90.png
5,images/actors_aligned/tom_cruise/image-92.png
5,images/actors_aligned/tom_cruise/image-93.png
5,images/actors_aligned/tom_cruise/image-94.png
5,images/actors_aligned/tom_cruise/image-96.png
5,images/actors_aligned/tom_cruise/image-97.png
5,images/actors_aligned/tom_cruise/image-98.png
5,images/actors_aligned/tom_cruise/image-220.png
5,images/actors_aligned/tom_cruise/image-221.png
5,images/actors_aligned/tom_cruise/image-222.png
5,images/actors_aligned/tom_cruise/image-223.png
5,images/actors_aligned/tom_cruise/image-226.png
5,images/actors_aligned/tom_cruise/image-227.png
5,images/actors_aligned/tom_cruise/image-228.png
5,images/actors_aligned/tom_cruise/image-229.png
5,images/actors_aligned/tom_cruise/image-230.png
5,images/actors_aligned/tom_cruise/image-231.png
5,images/actors_aligned/tom_cruise/image-233.png
5,images/actors_aligned/tom_cruise/image-234.png
5,images/actors_aligned/tom_cruise/image-235.png
5,images/actors_aligned/tom_cruise/image-236.png
5,images/actors_aligned/tom_cruise/image-238.png
5,images/actors_aligned/tom_cruise/image-239.png
5,images/actors_aligned/tom_cruise/image-24.png
5,images/actors_aligned/tom_cruise/image-240.png
5,images/actors_aligned/tom_cruise/image-242.png
5,images/actors_aligned/tom_cruise/image-243.png
5,images/actors_aligned/tom_cruise/image-244.png
5,images/actors_aligned/tom_cruise/image-245.png
5,images/actors_aligned/tom_cruise/image-246.png
5,images/actors_aligned/tom_cruise/image-247.png
5,images/actors_aligned/tom_cruise/image-248.png
5,images/actors_aligned/tom_cruise/image-249.png
5,images/actors_aligned/tom_cruise/image-25.png
5,images/actors_aligned/tom_cruise/image-250.png
5,images/actors_aligned/tom_cruise/image-253.png
5,images/actors_aligned/tom_cruise/image-254.png
5,images/actors_aligned/tom_cruise/image-256.png
5,images/actors_aligned/tom_cruise/image-257.png
5,images/actors_aligned/tom_cruise/image-258.png
5,images/actors_aligned/tom_cruise/image-259.png
5,images/actors_aligned/tom_cruise/image-26.png
5,images/actors_aligned/tom_cruise/image-261.png
5,images/actors_aligned/tom_cruise/image-262.png
5,images/actors_aligned/tom_cruise/image-265.png
5,images/actors_aligned/tom_cruise/image-267.png
5,images/actors_aligned/tom_cruise/image-268.png
5,images/actors_aligned/tom_cruise/image-269.png
5,images/actors_aligned/tom_cruise/image-270.png
5,images/actors_aligned/tom_cruise/image-271.png
5,images/actors_aligned/tom_cruise/image-272.png
5,images/actors_aligned/tom_cruise/image-273.png
5,images/actors_aligned/tom_cruise/image-274.png
5,images/actors_aligned/tom_cruise/image-276.png
5,images/actors_aligned/tom_cruise/image-277.png
5,images/actors_aligned/tom_cruise/image-278.png
5,images/actors_aligned/tom_cruise/image-279.png
5,images/actors_aligned/tom_cruise/image-28.png
5,images/actors_aligned/tom_cruise/image-281.png
5,images/actors_aligned/tom_cruise/image-283.png
5,images/actors_aligned/tom_cruise/image-284.png
5,images/actors_aligned/tom_cruise/image-285.png
5,images/actors_aligned/tom_cruise/image-286.png
5,images/actors_aligned/tom_cruise/image-287.png
5,images/actors_aligned/tom_cruise/image-288.png
5,images/actors_aligned/tom_cruise/image-289.png
5,images/actors_aligned/tom_cruise/image-290.png
5,images/actors_aligned/tom_cruise/image-291.png
5,images/actors_aligned/tom_cruise/image-292.png
5,images/actors_aligned/tom_cruise/image-293.png
5,images/actors_aligned/tom_cruise/image-294.png
5,images/actors_aligned/tom_cruise/image-296.png
5,images/actors_aligned/tom_cruise/image-297.png
5,images/actors_aligned/tom_cruise/image-298.png
5,images/actors_aligned/tom_cruise/image-299.png
5,images/actors_aligned/tom_cruise/image-3.png
5,images/actors_aligned/tom_cruise/image-30.png
5,images/actors_aligned/tom_cruise/image-300.png
5,images/actors_aligned/tom_cruise/image-301.png
5,images/actors_aligned/tom_cruise/image-302.png
5,images/actors_aligned/tom_cruise/image-304.png
5,images/actors_aligned/tom_cruise/image-306.png
5,images/actors_aligned/tom_cruise/image-308.png
5,images/actors_aligned/tom_cruise/image-309.png
5,images/actors_aligned/tom_cruise/image-31.png
5,images/actors_aligned/tom_cruise/image-310.png
5,images/actors_aligned/tom_cruise/image-311.png
5,images/actors_aligned/tom_cruise/image-312.png
5,images/actors_aligned/tom_cruise/image-314.png
5,images/actors_aligned/tom_cruise/image-317.png
5,images/actors_aligned/tom_cruise/image-318.png
5,images/actors_aligned/tom_cruise/image-319.png
5,images/actors_aligned/tom_cruise/image-32.png
5,images/actors_aligned/tom_cruise/image-320.png
5,images/actors_aligned/tom_cruise/image-321.png
5,images/actors_aligned/tom_cruise/image-322.png
5,images/actors_aligned/tom_cruise/image-323.png
5,images/actors_aligned/tom_cruise/image-324.png
5,images/actors_aligned/tom_cruise/image-325.png
5,images/actors_aligned/tom_cruise/image-326.png
5,images/actors_aligned/tom_cruise/image-327.png
5,images/actors_aligned/tom_cruise/image-328.png
5,images/actors_aligned/tom_cruise/image-329.png
5,images/actors_aligned/tom_cruise/image-33.png
5,images/actors_aligned/tom_cruise/image-330.png
5,images/actors_aligned/tom_cruise/image-332.png
5,images/actors_aligned/tom_cruise/image-34.png
5,images/actors_aligned/tom_cruise/image-36.png
5,images/actors_aligned/tom_cruise/image-37.png
5,images/actors_aligned/tom_cruise/image-39.png
5,images/actors_aligned/tom_cruise/image-4.png
5,images/actors_aligned/tom_cruise/image-40.png
5,images/actors_aligned/tom_cruise/image-41.png
5,images/actors_aligned/tom_cruise/image-44.png
5,images/actors_aligned/tom_cruise/image-45.png
5,images/actors_aligned/tom_cruise/image-46.png
5,images/actors_aligned/tom_cruise/image-47.png
5,images/actors_aligned/tom_cruise/image-48.png
5,images/actors_aligned/tom_cruise/image-49.png
5,images/actors_aligned/tom_cruise/image-5.png
5,images/actors_aligned/tom_cruise/image-50.png
5,images/actors_aligned/tom_cruise/image-51.png
5,images/actors_aligned/tom_cruise/image-52.png
5,images/actors_aligned/tom_cruise/image-53.png
5,images/actors_aligned/tom_cruise/image-10.png
5,images/actors_aligned/tom_cruise/image-100.png
5,images/actors_aligned/tom_cruise/image-101.png
5,images/actors_aligned/tom_cruise/image-104.png
5,images/actors_aligned/tom_cruise/image-106.png
5,images/actors_aligned/tom_cruise/image-107.png
5,images/actors_aligned/tom_cruise/image-108.png
5,images/actors_aligned/tom_cruise/image-109.png
5,images/actors_aligned/tom_cruise/image-11.png
5,images/actors_aligned/tom_cruise/image-110.png
5,images/actors_aligned/tom_cruise/image-111.png
5,images/actors_aligned/tom_cruise/image-113.png
5,images/actors_aligned/tom_cruise/image-114.png
5,images/actors_aligned/tom_cruise/image-115.png
5,images/actors_aligned/tom_cruise/image-116.png
5,images/actors_aligned/tom_cruise/image-117.png
5,images/actors_aligned/tom_cruise/image-118.png
5,images/actors_aligned/tom_cruise/image-120.png
5,images/actors_aligned/tom_cruise/image-121.png
5,images/actors_aligned/tom_cruise/image-122.png
5,images/actors_aligned/tom_cruise/image-123.png
5,images/actors_aligned/tom_cruise/image-124.png
5,images/actors_aligned/tom_cruise/image-128.png
5,images/actors_aligned/tom_cruise/image-129.png
5,images/actors_aligned/tom_cruise/image-130.png
5,images/actors_aligned/tom_cruise/image-131.png
5,images/actors_aligned/tom_cruise/image-132.png
5,images/actors_aligned/tom_cruise/image-133.png
5,images/actors_aligned/tom_cruise/image-134.png
5,images/actors_aligned/tom_cruise/image-135.png
5,images/actors_aligned/tom_cruise/image-136.png
5,images/actors_aligned/tom_cruise/image-137.png
5,images/actors_aligned/tom_cruise/image-138.png
5,images/actors_aligned/tom_cruise/image-139.png
5,images/actors_aligned/tom_cruise/image-14.png
5,images/actors_aligned/tom_cruise/image-140.png
5,images/actors_aligned/tom_cruise/image-141.png
5,images/actors_aligned/tom_cruise/image-142.png
5,images/actors_aligned/tom_cruise/image-143.png
5,images/actors_aligned/tom_cruise/image-144.png
5,images/actors_aligned/tom_cruise/image-145.png
5,images/actors_aligned/tom_cruise/image-146.png
5,images/actors_aligned/tom_cruise/image-147.png
5,images/actors_aligned/tom_cruise/image-148.png
5,images/actors_aligned/tom_cruise/image-149.png
5,images/actors_aligned/tom_cruise/image-15.png
5,images/actors_aligned/tom_cruise/image-150.png
5,images/actors_aligned/tom_cruise/image-151.png
5,images/actors_aligned/tom_cruise/image-154.png
5,images/actors_aligned/tom_cruise/image-155.png
5,images/actors_aligned/tom_cruise/image-156.png
5,images/actors_aligned/tom_cruise/image-157.png
5,images/actors_aligned/tom_cruise/image-158.png
5,images/actors_aligned/tom_cruise/image-159.png
5,images/actors_aligned/tom_cruise/image-16.png
5,images/actors_aligned/tom_cruise/image-160.png
5,images/actors_aligned/tom_cruise/image-161.png
5,images/actors_aligned/tom_cruise/image-162.png
5,images/actors_aligned/tom_cruise/image-164.png
5,images/actors_aligned/tom_cruise/image-165.png
5,images/actors_aligned/tom_cruise/image-167.png
5,images/actors_aligned/tom_cruise/image-168.png
5,images/actors_aligned/tom_cruise/image-169.png
5,images/actors_aligned/tom_cruise/image-17.png
5,images/actors_aligned/tom_cruise/image-170.png
5,images/actors_aligned/tom_cruise/image-172.png
5,images/actors_aligned/tom_cruise/image-173.png
5,images/actors_aligned/tom_cruise/image-174.png
5,images/actors_aligned/tom_cruise/image-175.png
5,images/actors_aligned/tom_cruise/image-177.png
5,images/actors_aligned/tom_cruise/image-178.png
5,images/actors_aligned/tom_cruise/image-179.png
5,images/actors_aligned/tom_cruise/image-18.png
5,images/actors_aligned/tom_cruise/image-180.png
5,images/actors_aligned/tom_cruise/image-181.png
5,images/actors_aligned/tom_cruise/image-182.png
5,images/actors_aligned/tom_cruise/image-183.png
5,images/actors_aligned/tom_cruise/image-184.png
5,images/actors_aligned/tom_cruise/image-185.png
5,images/actors_aligned/tom_cruise/image-186.png
5,images/actors_aligned/tom_cruise/image-187.png
5,images/actors_aligned/tom_cruise/image-189.png
5,images/actors_aligned/tom_cruise/image-19.png
5,images/actors_aligned/tom_cruise/image-191.png
5,images/actors_aligned/tom_cruise/image-192.png
5,images/actors_aligned/tom_cruise/image-193.png
5,images/actors_aligned/tom_cruise/image-194.png
5,images/actors_aligned/tom_cruise/image-195.png
5,images/actors_aligned/tom_cruise/image-196.png
5,images/actors_aligned/tom_cruise/image-197.png
5,images/actors_aligned/tom_cruise/image-198.png
5,images/actors_aligned/tom_cruise/image-199.png
5,images/actors_aligned/tom_cruise/image-2.png
5,images/actors_aligned/tom_cruise/image-20.png
5,images/actors_aligned/tom_cruise/image-200.png
5,images/actors_aligned/tom_cruise/image-201.png
5,images/actors_aligned/tom_cruise/image-202.png
5,images/actors_aligned/tom_cruise/image-203.png
5,images/actors_aligned/tom_cruise/image-205.png
5,images/actors_aligned/tom_cruise/image-206.png
5,images/actors_aligned/tom_cruise/image-207.png
5,images/actors_aligned/tom_cruise/image-208.png
5,images/actors_aligned/tom_cruise/image-209.png
5,images/actors_aligned/tom_cruise/image-21.png
5,images/actors_aligned/tom_cruise/image-210.png
5,images/actors_aligned/tom_cruise/image-211.png
5,images/actors_aligned/tom_cruise/image-212.png
5,images/actors_aligned/tom_cruise/image-213.png
5,images/actors_aligned/tom_cruise/image-214.png
5,images/actors_aligned/tom_cruise/image-215.png
5,images/actors_aligned/tom_cruise/image-216.png
5,images/actors_aligned/tom_cruise/image-217.png
5,images/actors_aligned/tom_cruise/image-218.png
5,images/actors_aligned/tom_cruise/image-219.png
5,images/actors_aligned/tom_cruise/image-22.png
6,images/actors_aligned/zooey_deschanel/image-91.png
6,images/actors_aligned/zooey_deschanel/image-92.png
6,images/actors_aligned/zooey_deschanel/image-94.png
6,images/actors_aligned/zooey_deschanel/image-95.png
6,images/actors_aligned/zooey_deschanel/image-96.png
6,images/actors_aligned/zooey_deschanel/image-97.png
6,images/actors_aligned/zooey_deschanel/image-98.png
6,images/actors_aligned/zooey_deschanel/image-246.png
6,images/actors_aligned/zooey_deschanel/image-247.png
6,images/actors_aligned/zooey_deschanel/image-248.png
6,images/actors_aligned/zooey_deschanel/image-249.png
6,images/actors_aligned/zooey_deschanel/image-25.png
6,images/actors_aligned/zooey_deschanel/image-253.png
6,images/actors_aligned/zooey_deschanel/image-254.png
6,images/actors_aligned/zooey_deschanel/image-255.png
6,images/actors_aligned/zooey_deschanel/image-256.png
6,images/actors_aligned/zooey_deschanel/image-257.png
6,images/actors_aligned/zooey_deschanel/image-258.png
6,images/actors_aligned/zooey_deschanel/image-259.png
6,images/actors_aligned/zooey_deschanel/image-26.png
6,images/actors_aligned/zooey_deschanel/image-260.png
6,images/actors_aligned/zooey_deschanel/image-261.png
6,images/actors_aligned/zooey_deschanel/image-262.png
6,images/actors_aligned/zooey_deschanel/image-263.png
6,images/actors_aligned/zooey_deschanel/image-264.png
6,images/actors_aligned/zooey_deschanel/image-265.png
6,images/actors_aligned/zooey_deschanel/image-266.png
6,images/actors_aligned/zooey_deschanel/image-268.png
6,images/actors_aligned/zooey_deschanel/image-270.png
6,images/actors_aligned/zooey_deschanel/image-272.png
6,images/actors_aligned/zooey_deschanel/image-273.png
6,images/actors_aligned/zooey_deschanel/image-275.png
6,images/actors_aligned/zooey_deschanel/image-276.png
6,images/actors_aligned/zooey_deschanel/image-277.png
6,images/actors_aligned/zooey_deschanel/image-278.png
6,images/actors_aligned/zooey_deschanel/image-279.png
6,images/actors_aligned/zooey_deschanel/image-28.png
6,images/actors_aligned/zooey_deschanel/image-281.png
6,images/actors_aligned/zooey_deschanel/image-282.png
6,images/actors_aligned/zooey_deschanel/image-283.png
6,images/actors_aligned/zooey_deschanel/image-284.png
6,images/actors_aligned/zooey_deschanel/image-285.png
6,images/actors_aligned/zooey_deschanel/image-286.png
6,images/actors_aligned/zooey_deschanel/image-287.png
6,images/actors_aligned/zooey_deschanel/image-289.png
6,images/actors_aligned/zooey_deschanel/image-29.png
6,images/actors_aligned/zooey_deschanel/image-291.png
6,images/actors_aligned/zooey_deschanel/image-292.png
6,images/actors_aligned/zooey_deschanel/image-294.png
6,images/actors_aligned/zooey_deschanel/image-295.png
6,images/actors_aligned/zooey_deschanel/image-296.png
6,images/actors_aligned/zooey_deschanel/image-298.png
6,images/actors_aligned/zooey_deschanel/image-299.png
6,images/actors_aligned/zooey_deschanel/image-3.png
6,images/actors_aligned/zooey_deschanel/image-301.png
6,images/actors_aligned/zooey_deschanel/image-302.png
6,images/actors_aligned/zooey_deschanel/image-303.png
6,images/actors_aligned/zooey_deschanel/image-306.png
6,images/actors_aligned/zooey_deschanel/image-307.png
6,images/actors_aligned/zooey_deschanel/image-31.png
6,images/actors_aligned/zooey_deschanel/image-310.png
6,images/actors_aligned/zooey_deschanel/image-311.png
6,images/actors_aligned/zooey_deschanel/image-314.png
6,images/actors_aligned/zooey_deschanel/image-316.png
6,images/actors_aligned/zooey_deschanel/image-318.png
6,images/actors_aligned/zooey_deschanel/image-319.png
6,images/actors_aligned/zooey_deschanel/image-323.png
6,images/actors_aligned/zooey_deschanel/image-325.png
6,images/actors_aligned/zooey_deschanel/image-326.png
6,images/actors_aligned/zooey_deschanel/image-327.png
6,images/actors_aligned/zooey_deschanel/image-329.png
6,images/actors_aligned/zooey_deschanel/image-330.png
6,images/actors_aligned/zooey_deschanel/image-331.png
6,images/actors_aligned/zooey_deschanel/image-332.png
6,images/actors_aligned/zooey_deschanel/image-333.png
6,images/actors_aligned/zooey_deschanel/image-334.png
6,images/actors_aligned/zooey_deschanel/image-335.png
6,images/actors_aligned/zooey_deschanel/image-336.png
6,images/actors_aligned/zooey_deschanel/image-338.png
6,images/actors_aligned/zooey_deschanel/image-341.png
6,images/actors_aligned/zooey_deschanel/image-342.png
6,images/actors_aligned/zooey_deschanel/image-345.png
6,images/actors_aligned/zooey_deschanel/image-346.png
6,images/actors_aligned/zooey_deschanel/image-35.png
6,images/actors_aligned/zooey_deschanel/image-36.png
6,images/actors_aligned/zooey_deschanel/image-37.png
6,images/actors_aligned/zooey_deschanel/image-39.png
6,images/actors_aligned/zooey_deschanel/image-40.png
6,images/actors_aligned/zooey_deschanel/image-41.png
6,images/actors_aligned/zooey_deschanel/image-42.png
6,images/actors_aligned/zooey_deschanel/image-46.png
6,images/actors_aligned/zooey_deschanel/image-47.png
6,images/actors_aligned/zooey_deschanel/image-48.png
6,images/actors_aligned/zooey_deschanel/image-5.png
6,images/actors_aligned/zooey_deschanel/image-53.png
6,images/actors_aligned/zooey_deschanel/image-54.png
6,images/actors_aligned/zooey_deschanel/image-55.png
6,images/actors_aligned/zooey_deschanel/image-57.png
6,images/actors_aligned/zooey_deschanel/image-58.png
6,images/actors_aligned/zooey_deschanel/image-61.png
6,images/actors_aligned/zooey_deschanel/image-63.png
6,images/actors_aligned/zooey_deschanel/image-64.png
6,images/actors_aligned/zooey_deschanel/image-65.png
6,images/actors_aligned/zooey_deschanel/image-67.png
6,images/actors_aligned/zooey_deschanel/image-68.png
6,images/actors_aligned/zooey_deschanel/image-69.png
6,images/actors_aligned/zooey_deschanel/image-70.png
6,images/actors_aligned/zooey_deschanel/image-71.png
6,images/actors_aligned/zooey_deschanel/image-72.png
6,images/actors_aligned/zooey_deschanel/image-73.png
6,images/actors_aligned/zooey_deschanel/image-74.png
6,images/actors_aligned/zooey_deschanel/image-75.png
6,images/actors_aligned/zooey_deschanel/image-76.png
6,images/actors_aligned/zooey_deschanel/image-78.png
6,images/actors_aligned/zooey_deschanel/image-79.png
6,images/actors_aligned/zooey_deschanel/image-8.png
6,images/actors_aligned/zooey_deschanel/image-81.png
6,images/actors_aligned/zooey_deschanel/image-82.png
6,images/actors_aligned/zooey_deschanel/image-83.png
6,images/actors_aligned/zooey_deschanel/image-84.png
6,images/actors_aligned/zooey_deschanel/image-86.png
6,images/actors_aligned/zooey_deschanel/image-89.png
6,images/actors_aligned/zooey_deschanel/image-9.png
6,images/actors_aligned/zooey_deschanel/image-90.png
6,images/actors_aligned/zooey_deschanel/image-1.png
6,images/actors_aligned/zooey_deschanel/image-10.png
6,images/actors_aligned/zooey_deschanel/image-101.png
6,images/actors_aligned/zooey_deschanel/image-102.png
6,images/actors_aligned/zooey_deschanel/image-104.png
6,images/actors_aligned/zooey_deschanel/image-106.png
6,images/actors_aligned/zooey_deschanel/image-107.png
6,images/actors_aligned/zooey_deschanel/image-108.png
6,images/actors_aligned/zooey_deschanel/image-109.png
6,images/actors_aligned/zooey_deschanel/image-11.png
6,images/actors_aligned/zooey_deschanel/image-110.png
6,images/actors_aligned/zooey_deschanel/image-112.png
6,images/actors_aligned/zooey_deschanel/image-114.png
6,images/actors_aligned/zooey_deschanel/image-115.png
6,images/actors_aligned/zooey_deschanel/image-118.png
6,images/actors_aligned/zooey_deschanel/image-12.png
6,images/actors_aligned/zooey_deschanel/image-122.png
6,images/actors_aligned/zooey_deschanel/image-125.png
6,images/actors_aligned/zooey_deschanel/image-126.png
6,images/actors_aligned/zooey_deschanel/image-128.png
6,images/actors_aligned/zooey_deschanel/image-13.png
6,images/actors_aligned/zooey_deschanel/image-130.png
6,images/actors_aligned/zooey_deschanel/image-131.png
6,images/actors_aligned/zooey_deschanel/image-133.png
6,images/actors_aligned/zooey_deschanel/image-134.png
6,images/actors_aligned/zooey_deschanel/image-136.png
6,images/actors_aligned/zooey_deschanel/image-137.png
6,images/actors_aligned/zooey_deschanel/image-138.png
6,images/actors_aligned/zooey_deschanel/image-14.png
6,images/actors_aligned/zooey_deschanel/image-140.png
6,images/actors_aligned/zooey_deschanel/image-141.png
6,images/actors_aligned/zooey_deschanel/image-142.png
6,images/actors_aligned/zooey_deschanel/image-143.png
6,images/actors_aligned/zooey_deschanel/image-145.png
6,images/actors_aligned/zooey_deschanel/image-146.png
6,images/actors_aligned/zooey_deschanel/image-148.png
6,images/actors_aligned/zooey_deschanel/image-150.png
6,images/actors_aligned/zooey_deschanel/image-152.png
6,images/actors_aligned/zooey_deschanel/image-153.png
6,images/actors_aligned/zooey_deschanel/image-155.png
6,images/actors_aligned/zooey_deschanel/image-158.png
6,images/actors_aligned/zooey_deschanel/image-16.png
6,images/actors_aligned/zooey_deschanel/image-161.png
6,images/actors_aligned/zooey_deschanel/image-163.png
6,images/actors_aligned/zooey_deschanel/image-165.png
6,images/actors_aligned/zooey_deschanel/image-166.png
6,images/actors_aligned/zooey_deschanel/image-171.png
6,images/actors_aligned/zooey_deschanel/image-172.png
6,images/actors_aligned/zooey_deschanel/image-173.png
6,images/actors_aligned/zooey_deschanel/image-174.png
6,images/actors_aligned/zooey_deschanel/image-175.png
6,images/actors_aligned/zooey_deschanel/image-176.png
6,images/actors_aligned/zooey_deschanel/image-177.png
6,images/actors_aligned/zooey_deschanel/image-178.png
6,images/actors_aligned/zooey_deschanel/image-179.png
6,images/actors_aligned/zooey_deschanel/image-18.png
6,images/actors_aligned/zooey_deschanel/image-180.png
6,images/actors_aligned/zooey_deschanel/image-181.png
6,images/actors_aligned/zooey_deschanel/image-183.png
6,images/actors_aligned/zooey_deschanel/image-184.png
6,images/actors_aligned/zooey_deschanel/image-185.png
6,images/actors_aligned/zooey_deschanel/image-186.png
6,images/actors_aligned/zooey_deschanel/image-188.png
6,images/actors_aligned/zooey_deschanel/image-189.png
6,images/actors_aligned/zooey_deschanel/image-19.png
6,images/actors_aligned/zooey_deschanel/image-190.png
6,images/actors_aligned/zooey_deschanel/image-191.png
6,images/actors_aligned/zooey_deschanel/image-192.png
6,images/actors_aligned/zooey_deschanel/image-195.png
6,images/actors_aligned/zooey_deschanel/image-196.png
6,images/actors_aligned/zooey_deschanel/image-198.png
6,images/actors_aligned/zooey_deschanel/image-20.png
6,images/actors_aligned/zooey_deschanel/image-200.png
6,images/actors_aligned/zooey_deschanel/image-201.png
6,images/actors_aligned/zooey_deschanel/image-202.png
6,images/actors_aligned/zooey_deschanel/image-203.png
6,images/actors_aligned/zooey_deschanel/image-204.png
6,images/actors_aligned/zooey_deschanel/image-205.png
6,images/actors_aligned/zooey_deschanel/image-206.png
6,images/actors_aligned/zooey_deschanel/image-207.png
6,images/actors_aligned/zooey_deschanel/image-208.png
6,images/actors_aligned/zooey_deschanel/image-209.png
6,images/actors_aligned/zooey_deschanel/image-21.png
6,images/actors_aligned/zooey_deschanel/image-210.png
6,images/actors_aligned/zooey_deschanel/image-211.png
6,images/actors_aligned/zooey_deschanel/image-213.png
6,images/actors_aligned/zooey_deschanel/image-214.png
6,images/actors_aligned/zooey_deschanel/image-215.png
6,images/actors_aligned/zooey_deschanel/image-216.png
6,images/actors_aligned/zooey_deschanel/image-218.png
6,images/actors_aligned/zooey_deschanel/image-219.png
6,images/actors_aligned/zooey_deschanel/image-22.png
6,images/actors_aligned/zooey_deschanel/image-220.png
6,images/actors_aligned/zooey_deschanel/image-221.png
6,images/actors_aligned/zooey_deschanel/image-223.png
6,images/actors_aligned/zooey_deschanel/image-225.png
6,images/actors_aligned/zooey_deschanel/image-226.png
6,images/actors_aligned/zooey_deschanel/image-227.png
6,images/actors_aligned/zooey_deschanel/image-228.png
6,images/actors_aligned/zooey_deschanel/image-23.png
6,images/actors_aligned/zooey_deschanel/image-230.png
6,images/actors_aligned/zooey_deschanel/image-231.png
6,images/actors_aligned/zooey_deschanel/image-232.png
6,images/actors_aligned/zooey_deschanel/image-233.png
6,images/actors_aligned/zooey_deschanel/image-234.png
6,images/actors_aligned/zooey_deschanel/image-235.png
6,images/actors_aligned/zooey_deschanel/image-236.png
6,images/actors_aligned/zooey_deschanel/image-237.png
6,images/actors_aligned/zooey_deschanel/image-238.png
6,images/actors_aligned/zooey_deschanel/image-239.png
6,images/actors_aligned/zooey_deschanel/image-24.png
6,images/actors_aligned/zooey_deschanel/image-240.png
6,images/actors_aligned/zooey_deschanel/image-242.png
6,images/actors_aligned/zooey_deschanel/image-244.png
6,images/actors_aligned/zooey_deschanel/image-245.png
